ticker,as_of
MMM,2026-09-28
AOS,2026-09-28
ABT,2026-09-28
ABBV,2026-09-28
ACN,2026-09-28
ADBE,2026-09-28
AMD,2026-09-28
AES,2026-09-28
AFL,2026-09-28
A,2026-09-28
APD,2026-09-28
ABNB,2026-09-28
AKAM,2026-09-28
ALB,2026-09-28
ARE,2026-09-28
ALGN,2026-09-28
ALLE,2026-09-28
LNT,2026-09-28
ALL,2026-09-28
GOOGL,2026-09-28
GOOG,2026-09-28
MO,2026-09-28
AMZN,2026-09-28
AMCR,2026-09-28
AEE,2026-09-28
AEP,2026-09-28
AXP,2026-09-28
AIG,2026-09-28
AMT,2026-09-28
AWK,2026-09-28
AMP,2026-09-28
AME,2026-09-28
AMGN,2026-09-28
APH,2026-09-28
ADI,2026-09-28
AON,2026-09-28
APA,2026-09-28
APO,2026-09-28
AAPL,2026-09-28
AMAT,2026-09-28
APP,2026-09-28
APTV,2026-09-28
ACGL,2026-09-28
ADM,2026-09-28
ARES,2026-09-28
ANET,2026-09-28
AJG,2026-09-28
AIZ,2026-09-28
T,2026-09-28
ATO,2026-09-28
ADSK,2026-09-28
ADP,2026-09-28
AZO,2026-09-28
AVY,2026-09-28
AXON,2026-09-28
BKR,2026-09-28
BALL,2026-09-28
BAC,2026-09-28
BAX,2026-09-28
BDX,2026-09-28
BRK-B,2026-09-28
BBY,2026-09-28
TECH,2026-09-28
BIIB,2026-09-28
BLK,2026-09-28
BX,2026-09-28
XYZ,2026-09-28
BE,2026-09-28
BNY,2026-09-28
BA,2026-09-28
BKNG,2026-09-28
BSX,2026-09-28
BMY,2026-09-28
AVGO,2026-09-28
BR,2026-09-28
BRO,2026-09-28
BF-B,2026-09-28
BG,2026-09-28
BXP,2026-09-28
CHRW,2026-09-28
CDNS,2026-09-28
CPT,2026-09-28
COF,2026-09-28
CAH,2026-09-28
CCL,2026-09-28
CARR,2026-09-28
CVNA,2026-09-28
CASY,2026-09-28
CAT,2026-09-28
CBOE,2026-09-28
CBRE,2026-09-28
CDW,2026-09-28
COR,2026-09-28
CNC,2026-09-28
CNP,2026-09-28
CF,2026-09-28
CRL,2026-09-28
SCHW,2026-09-28
CHTR,2026-09-28
CVX,2026-09-28
CMG,2026-09-28
CB,2026-09-28
CHD,2026-09-28
CIEN,2026-09-28
CI,2026-09-28
CINF,2026-09-28
CTAS,2026-09-28
CSCO,2026-09-28
C,2026-09-28
CFG,2026-09-28
CLX,2026-09-28
CME,2026-09-28
CMS,2026-09-28
KO,2026-09-28
CTSH,2026-09-28
COHR,2026-09-28
COIN,2026-09-28
CL,2026-09-28
CMCSA,2026-09-28
FIX,2026-09-28
COP,2026-09-28
ED,2026-09-28
STZ,2026-09-28
CEG,2026-09-28
COO,2026-09-28
CPRT,2026-09-28
GLW,2026-09-28
CPAY,2026-09-28
CTVA,2026-09-28
CSGP,2026-09-28
COST,2026-09-28
CRH,2026-09-28
CRWD,2026-09-28
CCI,2026-09-28
CSX,2026-09-28
CMI,2026-09-28
CVS,2026-09-28
DHR,2026-09-28
DRI,2026-09-28
DDOG,2026-09-28
DVA,2026-09-28
DECK,2026-09-28
DE,2026-09-28
DELL,2026-09-28
DAL,2026-09-28
DVN,2026-09-28
DXCM,2026-09-28
FANG,2026-09-28
DLR,2026-09-28
DG,2026-09-28
DLTR,2026-09-28
D,2026-09-28
DPZ,2026-09-28
DASH,2026-09-28
DOV,2026-09-28
DOW,2026-09-28
DHI,2026-09-28
DTE,2026-09-28
DUK,2026-09-28
DD,2026-09-28
ETN,2026-09-28
EBAY,2026-09-28
ECHO,2026-09-28
ECL,2026-09-28
EIX,2026-09-28
EW,2026-09-28
ELV,2026-09-28
EME,2026-09-28
EMR,2026-09-28
ETR,2026-09-28
EOG,2026-09-28
EQT,2026-09-28
EFX,2026-09-28
EQIX,2026-09-28
ERIE,2026-09-28
ESS,2026-09-28
EL,2026-09-28
EG,2026-09-28
EVRG,2026-09-28
P,2026-09-28
ES,2026-09-28
EXC,2026-09-28
EXE,2026-09-28
EXPE,2026-09-28
EXPD,2026-09-28
EXR,2026-09-28
XOM,2026-09-28
FFIV,2026-09-28
FDS,2026-09-28
FICO,2026-09-28
FAST,2026-09-28
FRT,2026-09-28
FDX,2026-09-28
FDXF,2026-09-28
FERG,2026-09-28
FIS,2026-09-28
FITB,2026-09-28
FSLR,2026-09-28
FE,2026-09-28
FISV,2026-09-28
FLEX,2026-09-28
F,2026-09-28
FTNT,2026-09-28
FTV,2026-09-28
FOXA,2026-09-28
FOX,2026-09-28
BEN,2026-09-28
FCX,2026-09-28
GRMN,2026-09-28
IT,2026-09-28
GE,2026-09-28
GEHC,2026-09-28
GEV,2026-09-28
GEN,2026-09-28
GNRC,2026-09-28
GD,2026-09-28
GIS,2026-09-28
GM,2026-09-28
GPC,2026-09-28
GILD,2026-09-28
GPN,2026-09-28
GL,2026-09-28
GDDY,2026-09-28
GS,2026-09-28
HAL,2026-09-28
HIG,2026-09-28
HAS,2026-09-28
HCA,2026-09-28
DOC,2026-09-28
HSIC,2026-09-28
HSY,2026-09-28
HPE,2026-09-28
HLT,2026-09-28
HD,2026-09-28
HONA,2026-09-28
HON,2026-09-28
HRL,2026-09-28
HST,2026-09-28
HWM,2026-09-28
HPQ,2026-09-28
HUBB,2026-09-28
HUM,2026-09-28
HBAN,2026-09-28
HII,2026-09-28
IBM,2026-09-28
IEX,2026-09-28
IDXX,2026-09-28
ITW,2026-09-28
ILMN,2026-09-28
INCY,2026-09-28
IR,2026-09-28
PODD,2026-09-28
INTC,2026-09-28
IBKR,2026-09-28
ICE,2026-09-28
IFF,2026-09-28
IP,2026-09-28
INTU,2026-09-28
ISRG,2026-09-28
IVZ,2026-09-28
INVH,2026-09-28
IQV,2026-09-28
IRM,2026-09-28
JBHT,2026-09-28
JBL,2026-09-28
JKHY,2026-09-28
J,2026-09-28
JNJ,2026-09-28
JCI,2026-09-28
JPM,2026-09-28
KVUE,2026-09-28
KDP,2026-09-28
KEY,2026-09-28
KEYS,2026-09-28
KMB,2026-09-28
KIM,2026-09-28
KMI,2026-09-28
KKR,2026-09-28
KLAC,2026-09-28
KHC,2026-09-28
KR,2026-09-28
LHX,2026-09-28
LH,2026-09-28
LRCX,2026-09-28
LVS,2026-09-28
LDOS,2026-09-28
LEN,2026-09-28
LII,2026-09-28
LLY,2026-09-28
LIN,2026-09-28
LYV,2026-09-28
LMT,2026-09-28
L,2026-09-28
LOW,2026-09-28
LULU,2026-09-28
LITE,2026-09-28
LYB,2026-09-28
MTB,2026-09-28
MPC,2026-09-28
MAR,2026-09-28
MRSH,2026-09-28
MLM,2026-09-28
MRVL,2026-09-28
MAS,2026-09-28
MA,2026-09-28
MKC,2026-09-28
MCD,2026-09-28
MCK,2026-09-28
MDT,2026-09-28
MRK,2026-09-28
META,2026-09-28
MET,2026-09-28
MTD,2026-09-28
MGM,2026-09-28
MCHP,2026-09-28
MU,2026-09-28
MSFT,2026-09-28
MAA,2026-09-28
MRNA,2026-09-28
MDLZ,2026-09-28
MPWR,2026-09-28
MNST,2026-09-28
MCO,2026-09-28
MS,2026-09-28
MOS,2026-09-28
MSI,2026-09-28
MSCI,2026-09-28
NDAQ,2026-09-28
NTAP,2026-09-28
NFLX,2026-09-28
NEM,2026-09-28
NWSA,2026-09-28
NWS,2026-09-28
NEE,2026-09-28
NKE,2026-09-28
NI,2026-09-28
NDSN,2026-09-28
NSC,2026-09-28
NTRS,2026-09-28
NOC,2026-09-28
NCLH,2026-09-28
NRG,2026-09-28
NUE,2026-09-28
NVDA,2026-09-28
NVR,2026-09-28
NXPI,2026-09-28
ORLY,2026-09-28
OXY,2026-09-28
ODFL,2026-09-28
OMC,2026-09-28
ON,2026-09-28
OKE,2026-09-28
ORCL,2026-09-28
OTIS,2026-09-28
PCAR,2026-09-28
PKG,2026-09-28
PLTR,2026-09-28
PANW,2026-09-28
PSKY,2026-09-28
PH,2026-09-28
PAYX,2026-09-28
PYPL,2026-09-28
PNR,2026-09-28
PEP,2026-09-28
PFE,2026-09-28
PCG,2026-09-28
PM,2026-09-28
PSX,2026-09-28
PNW,2026-09-28
PNC,2026-09-28
PPG,2026-09-28
PPL,2026-09-28
PFG,2026-09-28
PG,2026-09-28
PGR,2026-09-28
PLD,2026-09-28
PRU,2026-09-28
PEG,2026-09-28
PTC,2026-09-28
PSA,2026-09-28
PHM,2026-09-28
PWR,2026-09-28
QCOM,2026-09-28
DGX,2026-09-28
Q,2026-09-28
RL,2026-09-28
RJF,2026-09-28
RDDT,2026-09-28
RTX,2026-09-28
O,2026-09-28
REG,2026-09-28
REGN,2026-09-28
RF,2026-09-28
RSG,2026-09-28
RMD,2026-09-28
RVTY,2026-09-28
HOOD,2026-09-28
ROK,2026-09-28
ROL,2026-09-28
ROP,2026-09-28
ROST,2026-09-28
RCL,2026-09-28
SPGI,2026-09-28
CRM,2026-09-28
SNDK,2026-09-28
SBAC,2026-09-28
SLB,2026-09-28
STX,2026-09-28
SRE,2026-09-28
NOW,2026-09-28
SHW,2026-09-28
SPG,2026-09-28
SWKS,2026-09-28
SJM,2026-09-28
SW,2026-09-28
SNA,2026-09-28
SOLV,2026-09-28
SO,2026-09-28
LUV,2026-09-28
SWK,2026-09-28
SBUX,2026-09-28
STT,2026-09-28
STLD,2026-09-28
STE,2026-09-28
SYK,2026-09-28
SMCI,2026-09-28
SYF,2026-09-28
SNPS,2026-09-28
SYY,2026-09-28
TMUS,2026-09-28
TROW,2026-09-28
TTWO,2026-09-28
TPR,2026-09-28
TRGP,2026-09-28
TGT,2026-09-28
TEL,2026-09-28
TDY,2026-09-28
TER,2026-09-28
TSLA,2026-09-28
TXN,2026-09-28
TPL,2026-09-28
TXT,2026-09-28
TMO,2026-09-28
TJX,2026-09-28
TKO,2026-09-28
TSCO,2026-09-28
TT,2026-09-28
TDG,2026-09-28
TRV,2026-09-28
TRMB,2026-09-28
TFC,2026-09-28
TYL,2026-09-28
TSN,2026-09-28
USB,2026-09-28
UBER,2026-09-28
UDR,2026-09-28
ULTA,2026-09-28
UNP,2026-09-28
UAL,2026-09-28
UPS,2026-09-28
URI,2026-09-28
UNH,2026-09-28
UHS,2026-09-28
VLO,2026-09-28
VEEV,2026-09-28
VTR,2026-09-28
VLTO,2026-09-28
VRSN,2026-09-28
VRSK,2026-09-28
VZ,2026-09-28
VRTX,2026-09-28
VRT,2026-09-28
VTRS,2026-09-28
VICI,2026-09-28
V,2026-09-28
VST,2026-09-28
VMRK,2026-09-28
VMC,2026-09-28
WRB,2026-09-28
GWW,2026-09-28
WAB,2026-09-28
WMT,2026-09-28
DIS,2026-09-28
WBD,2026-09-28
WM,2026-09-28
WAT,2026-09-28
WEC,2026-09-28
WFC,2026-09-28
WELL,2026-09-28
WST,2026-09-28
WDC,2026-09-28
WY,2026-09-28
WSM,2026-09-28
WMB,2026-09-28
WTW,2026-09-28
WDAY,2026-09-28
WYNN,2026-09-28
XEL,2026-09-28
XYL,2026-09-28
YUM,2026-09-28
ZBRA,2026-09-28
ZBH,2026-09-28
ZTS,2026-09-28
